locus.position	locus.contig	gene_id	gene_name	transcript_id	categ	snv1	protein_change_1	snv2	protein_change_2	mnv	snv1_consequence	snv2_consequence	mnv_consequence	snv1_codons	snv2_codons	mnv_codons	snv1_amino_acids	snv2_amino_acids	mnv_amino_acids
116269619	1	ENSG00000118729	CASQ2	ENST00000261448	Changed missense	1-116269619-T-C	His244Arg	1-116269620-G-A	His244Tyr	1-116269619-TG-CA	missense_variant	missense_variant	missense_variant	cAc/cGc	Cac/Tac	CAc/TGc	H/R	H/Y	H/C
116269643	1	ENSG00000118729	CASQ2	ENST00000261448	Rescued nonsense	1-116269643-T-C	Glu236Gly	1-116269644-C-A	Glu236Ter	1-116269643-TC-CA	missense_variant	stop_gained	missense_variant	gAg/gGg	Gag/Tag	GAg/TGg	E/G	E/*	E/W
116310935	1	ENSG00000118729	CASQ2	ENST00000261448	Changed missense	1-116310935-C-A	Val76Val	1-116310937-C-T	Val76Met	1-116310935-CAC-AAT	synonymous_variant	missense_variant	missense_variant	gtG/gtT	Gtg/Atg	GtG/AtT	V	V/M	V/I
156108453	1	ENSG00000160789	LMNA	ENST00000368300	Changed missense	1-156108453-A-C	Ser625Arg	1-156108454-G-C	Ser625Thr	1-156108453-AG-CC	missense_variant	missense_variant	missense_variant	Agc/Cgc	aGc/aCc	AGc/CCc	S/R	S/T	S/P
161310400	1	ENSG00000143252	SDHC	ENST00000367975	Changed missense	1-161310400-G-C	Ala66Pro	1-161310401-C-T	Ala66Val	1-161310400-GC-CT	missense_variant	missense_variant	missense_variant	Gcg/Ccg	gCg/gTg	GCg/CTg	A/P	A/V	A/L
17371349	1	ENSG00000117118	SDHB	ENST00000375499	Changed missense	1-17371349-G-A	Ala36Val	1-17371350-C-T	Ala36Thr	1-17371349-GC-AT	missense_variant	missense_variant	missense_variant	gCt/gTt	Gct/Act	GCt/ATt	A/V	A/T	A/I
201332467	1	ENSG00000118194	TNNT2	ENST00000509001	Changed missense	1-201332467-T-G	Lys176Thr	1-201332468-T-C	Lys176Glu	1-201332467-TT-GC	missense_variant	missense_variant	missense_variant	aAg/aCg	Aag/Gag	AAg/GCg	K/T	K/E	K/A
45797505	1	ENSG00000132781	MUTYH	ENST00000372098	Partially changed missense	1-45797505-C-G	Gln335His	1-45797506-T-C	Gln335Arg	1-45797505-CT-GC	missense_variant	missense_variant	missense_variant	caG/caC	cAg/cGg	cAG/cGC	Q/H	Q/R	Q/R
55505707	1	ENSG00000169174	PCSK9	ENST00000302118	Changed missense	1-55505707-G-A	Arg66His	1-55505708-C-A	Arg66Arg	1-55505707-GC-AA	missense_variant	synonymous_variant	missense_variant	cGc/cAc	cgC/cgA	cGC/cAA	R/H	R	R/Q
55524195	1	ENSG00000169174	PCSK9	ENST00000302118	Changed missense	1-55524195-G-A	Val460Ile	1-55524197-A-G	Tyr243Cys	1-55524195-GTA-ATG	missense_variant	synonymous_variant	missense_variant	Gta/Ata	gtA/gtG	GtA/AtG	V/I	V	V/M
55524237	1	ENSG00000169174	PCSK9	ENST00000302118	Changed missense	1-55524237-G-A	Val474Ile	1-55524239-C-G	Ser257Trp	1-55524237-GTC-ATG	missense_variant	synonymous_variant	missense_variant	Gtc/Atc	gtC/gtG	GtC/AtG	V/I	V	V/M
121429633	10	ENSG00000151929	BAG3	ENST00000369085	Changed missense	10-121429633-T-C	Cys151Arg	10-121429634-G-A	Cys151Tyr	10-121429633-TG-CA	missense_variant	missense_variant	missense_variant	Tgt/Cgt	tGt/tAt	TGt/CAt	C/R	C/Y	C/H
89653787	10	ENSG00000171862	PTEN	ENST00000371953	Changed missense	10-89653787-T-A	Tyr29Asn	10-89653788-A-T	Tyr29Phe	10-89653787-TA-AT	missense_variant	missense_variant	missense_variant	Tat/Aat	tAt/tTt	TAt/ATt	Y/N	Y/F	Y/I
111965674	11	ENSG00000204370	SDHD	ENST00000375549	Changed missense	11-111965674-G-T	Ala154Ser	11-111965675-C-T	Ala154Val	11-111965674-GC-TT	missense_variant	missense_variant	missense_variant	Gcc/Tcc	gCc/gTc	GCc/TTc	A/S	A/V	A/F
32417945	11	ENSG00000184937	WT1	ENST00000332351	Rescued nonsense	11-32417945-T-C	Arg369Arg	11-32417947-G-A	Arg369Ter	11-32417945-TCG-CCA	synonymous_variant	stop_gained	missense_variant	cgA/cgG	Cga/Tga	CgA/TgG	R	R/*	R/W
32456878	11	ENSG00000184937	WT1	ENST00000332351	Changed missense	11-32456878-G-A	Ala5Val	11-32456879-C-T	Ala5Thr	11-32456878-GC-AT	missense_variant	missense_variant	missense_variant	gCt/gTt	Gct/Act	GCt/ATt	A/V	A/T	A/I
121416833	12	ENSG00000135100	HNF1A	ENST00000257555	Rescued nonsense	12-121416833-G-T	Glu88Ter	12-121416834-A-T	Glu88Val	12-121416833-GA-TT	stop_gained	missense_variant	missense_variant	Gag/Tag	gAg/gTg	GAg/TTg	E/*	E/V	E/L
121432115	12	ENSG00000135100	HNF1A	ENST00000257555	Changed missense	12-121432115-G-A	Gly288Arg	12-121432117-G-C	Gly288Gly	12-121432115-GGG-AGC	missense_variant	synonymous_variant	missense_variant	Ggg/Agg	ggG/ggC	GgG/AgC	G/R	G	G/S
121432115	12	ENSG00000135100	HNF1A	ENST00000257555	Changed missense	12-121432115-G-T	Gly288Trp	12-121432117-G-C	Gly288Gly	12-121432115-GGG-TGC	missense_variant	synonymous_variant	missense_variant	Ggg/Tgg	ggG/ggC	GgG/TgC	G/W	G	G/C
121437382	12	ENSG00000135100	HNF1A	ENST00000257555	Changed missense	12-121437382-A-G	Ser574Gly	12-121437383-G-A	Ser574Asn	12-121437382-AG-GA	missense_variant	missense_variant	missense_variant	Agc/Ggc	aGc/aAc	AGc/GAc	S/G	S/N	S/D
121437382	12	ENSG00000135100	HNF1A	ENST00000257555	Partially changed missense	12-121437382-A-G	Ser574Gly	12-121437384-C-A	Ser574Arg	12-121437382-AGC-GGA	missense_variant	missense_variant	missense_variant	Agc/Ggc	agC/agA	AgC/GgA	S/G	S/R	S/G
32955390	12	ENSG00000057294	PKP2	ENST00000070846	Changed missense	12-32955390-G-A	Ala749Val	12-32955391-C-T	Ala749Thr	12-32955390-GC-AT	missense_variant	missense_variant	missense_variant	gCc/gTc	Gcc/Acc	GCc/ATc	A/V	A/T	A/I
52306996	12	ENSG00000139567	ACVRL1	ENST00000388922	Changed missense	12-52306996-G-A	Glu59Lys	12-52306997-A-T	Glu59Val	12-52306996-GA-AT	missense_variant	missense_variant	missense_variant	Gag/Aag	gAg/gTg	GAg/ATg	E/K	E/V	E/M
52309948	12	ENSG00000139567	ACVRL1	ENST00000388922	Rescued nonsense	12-52309948-T-C	Tyr393His	12-52309950-C-A	Tyr393Ter	12-52309948-TAC-CAA	missense_variant	stop_gained	missense_variant	Tac/Cac	taC/taA	TaC/CaA	Y/H	Y/*	Y/Q
7579472	17	ENSG00000141510	TP53	ENST00000269305	Changed missense	17-7579472-G-C	Pro72Arg	17-7579473-G-A	Pro72Ser	17-7579472-GG-CA	missense_variant	missense_variant	missense_variant	cCc/cGc	Ccc/Tcc	CCc/TGc	P/R	P/S	P/C
78079668	17	ENSG00000171298	GAA	ENST00000302262	Changed missense	17-78079668-C-A	Arg223Ser	17-78079669-G-A	Arg223His	17-78079668-CG-AA	missense_variant	missense_variant	missense_variant	Cgc/Agc	cGc/cAc	CGc/AAc	R/S	R/H	R/N
78079668	17	ENSG00000171298	GAA	ENST00000302262	Changed missense	17-78079668-C-T	Arg223Cys	17-78079669-G-A	Arg223His	17-78079668-CG-TA	missense_variant	missense_variant	missense_variant	Cgc/Tgc	cGc/cAc	CGc/TAc	R/C	R/H	R/Y
28649067	18	ENSG00000134755	DSC2	ENST00000280904	Changed missense	18-28649067-T-A	Gly767Gly	18-28649068-C-T	Gly767Glu	18-28649067-TC-AT	synonymous_variant	missense_variant	missense_variant	ggA/ggT	gGa/gAa	gGA/gAT	G	G/E	G/D
48584573	18	ENSG00000141646	SMAD4	ENST00000342988	Partially changed missense	18-48584573-A-C	Gln249Pro	18-48584574-G-C	Gln249His	18-48584573-AG-CC	missense_variant	missense_variant	missense_variant	cAg/cCg	caG/caC	cAG/cCC	Q/P	Q/H	Q/P
48604718	18	ENSG00000141646	SMAD4	ENST00000342988	Partially changed missense	18-48604718-C-T	Pro514Ser	18-48604719-C-T	Pro514Leu	18-48604718-CC-TT	missense_variant	missense_variant	missense_variant	Cca/Tca	cCa/cTa	CCa/TTa	P/S	P/L	P/L
11221406	19	ENSG00000130164	LDLR	ENST00000558518	Changed missense	19-11221406-G-T	Cys340Phe	19-11221407-C-G	Cys340Trp	19-11221406-GC-TG	missense_variant	missense_variant	missense_variant	tGc/tTc	tgC/tgG	tGC/tTG	C/F	C/W	C/L
11233939	19	ENSG00000130164	LDLR	ENST00000558518	Rescued nonsense	19-11233939-C-T	Arg744Ter	19-11233941-A-G	Arg744Arg	19-11233939-CGA-TGG	stop_gained	synonymous_variant	missense_variant	Cga/Tga	cgA/cgG	CgA/TgG	R/*	R	R/W
220284982	2	ENSG00000175084	DES	ENST00000373960	Changed missense	2-220284982-G-A	Ala217Thr	2-220284983-C-A	Ala217Glu	2-220284982-GC-AA	missense_variant	missense_variant	missense_variant	Gca/Aca	gCa/gAa	GCa/AAa	A/T	A/E	A/K
220290684	2	ENSG00000175084	DES	ENST00000373960	Changed missense	2-220290684-C-A	Ala462Asp	2-220290685-C-G	Ala462Ala	2-220290684-CC-AG	missense_variant	synonymous_variant	missense_variant	gCc/gAc	gcC/gcG	gCC/gAG	A/D	A	A/E
96920728	2	ENSG00000135956	TMEM127	ENST00000258439	Rescued nonsense	2-96920728-G-T	Cys84Ter	2-96920730-A-C	Cys84Gly	2-96920728-GCA-TCC	stop_gained	missense_variant	missense_variant	tgC/tgA	Tgc/Ggc	TgC/GgA	C/*	C/G	C/G
10183565	3	ENSG00000134086	VHL	ENST00000256474	Rescued nonsense	3-10183565-G-T	Glu12Ter	3-10183566-A-T	Glu12Val	3-10183565-GA-TT	stop_gained	missense_variant	missense_variant	Gag/Tag	gAg/gTg	GAg/TTg	E/*	E/V	E/L
14174426	3	ENSG00000170876	TMEM43	ENST00000306077	Changed missense	3-14174426-A-G	Lys168Arg	3-14174427-A-T	Lys168Asn	3-14174426-AA-GT	missense_variant	missense_variant	missense_variant	aAa/aGa	aaA/aaT	aAA/aGT	K/R	K/N	K/S
14175262	3	ENSG00000170876	TMEM43	ENST00000306077	Partially changed missense	3-14175262-T-C	Met179Thr	3-14175263-G-A	Met179Ile	3-14175262-TG-CA	missense_variant	missense_variant	missense_variant	aTg/aCg	atG/atA	aTG/aCA	M/T	M/I	M/T
15686613	3	ENSG00000169814	BTD	ENST00000303498	Changed missense	3-15686613-T-A	Val417Asp	3-15686614-C-G	Val417Val	3-15686613-TC-AG	missense_variant	synonymous_variant	missense_variant	gTc/gAc	gtC/gtG	gTC/gAG	V/D	V	V/E
37035129	3	ENSG00000076242	MLH1	ENST00000231790	Changed missense	3-37035129-G-T	Ala31Ser	3-37035130-C-G	Ala31Gly	3-37035129-GC-TG	missense_variant	missense_variant	missense_variant	Gct/Tct	gCt/gGt	GCt/TGt	A/S	A/G	A/C
37053327	3	ENSG00000076242	MLH1	ENST00000231790	Changed missense	3-37053327-G-A	Ala188Thr	3-37053328-C-T	Ala188Val	3-37053327-GC-AT	missense_variant	missense_variant	missense_variant	Gca/Aca	gCa/gTa	GCa/ATa	A/T	A/V	A/I
37089130	3	ENSG00000076242	MLH1	ENST00000231790	Changed missense	3-37089130-A-G	Lys618Glu	3-37089131-A-C	Lys618Thr	3-37089130-AA-GC	missense_variant	missense_variant	missense_variant	Aag/Gag	aAg/aCg	AAg/GCg	K/E	K/T	K/A
37090023	3	ENSG00000076242	MLH1	ENST00000231790	Rescued nonsense	3-37090023-G-T	Gly638Ter	3-37090024-G-T	Gly638Val	3-37090023-GG-TT	stop_gained	missense_variant	missense_variant	Gga/Tga	gGa/gTa	GGa/TTa	G/*	G/V	G/L
37090485	3	ENSG00000076242	MLH1	ENST00000231790	Rescued nonsense	3-37090485-G-T	Glu694Ter	3-37090486-A-C	Glu694Ala	3-37090485-GA-TC	stop_gained	missense_variant	missense_variant	Gag/Tag	gAg/gCg	GAg/TCg	E/*	E/A	E/S
26087726	6	ENSG00000010704	HFE	ENST00000357618	Changed missense	6-26087726-C-G	Leu20Val	6-26087727-T-G	Leu20Arg	6-26087726-CT-GG	missense_variant	missense_variant	missense_variant	Ctg/Gtg	cTg/cGg	CTg/GGg	L/V	L/R	L/G
6027035	7	ENSG00000122512	PMS2	ENST00000265849	Changed missense	7-6027035-A-G	Leu454Pro	7-6027036-G-A	Leu454Leu	7-6027035-AG-GA	missense_variant	synonymous_variant	missense_variant	cTg/cCg	Ctg/Ttg	CTg/TCg	L/P	L	L/S
6027164	7	ENSG00000122512	PMS2	ENST00000265849	Rescued nonsense	7-6027164-T-A	Glu411Val	7-6027165-C-A	Glu411Ter	7-6027164-TC-AA	missense_variant	stop_gained	missense_variant	gAa/gTa	Gaa/Taa	GAa/TTa	E/V	E/*	E/L
6036980	7	ENSG00000122512	PMS2	ENST00000265849	Changed missense	7-6036980-G-C	Ser260Ser	7-6036981-G-A	Ser260Phe	7-6036980-GG-CA	synonymous_variant	missense_variant	missense_variant	tcC/tcG	tCc/tTc	tCC/tTG	S	S/F	S/L
130578304	9	ENSG00000106991	ENG	ENST00000373203	Changed missense	9-130578304-G-T	Pro590Pro	9-130578305-G-T	Pro590His	9-130578304-GG-TT	synonymous_variant	missense_variant	missense_variant	ccC/ccA	cCc/cAc	cCC/cAA	P	P/H	P/Q
130605412	9	ENSG00000106991	ENG	ENST00000373203	Changed missense	9-130605412-G-T	Ala60Ala	9-130605413-G-T	Ala60Asp	9-130605412-GG-TT	synonymous_variant	missense_variant	missense_variant	gcC/gcA	gCc/gAc	gCC/gAA	A	A/D	A/E
100653362	X	ENSG00000102393	GLA	ENST00000218516	Changed missense	X-100653362-C-T	Arg332Lys	X-100653363-T-C	Arg332Gly	X-100653362-CT-TC	missense_variant	missense_variant	missense_variant	aGa/aAa	Aga/Gga	AGa/GAa	R/K	R/G	R/E